id	label	text
S00001	1	办事大厅引导清晰，十分钟就办完了业务
S00002	0	排了两个多小时队，轮到我却说材料不齐
S00003	1	工作人员态度热情，每一步都讲解得很耐心
S00004	0	窗口人员爱答不理，问三句答一句
S00005	1	线上申报系统很顺畅，材料一次就通过了
S00006	0	系统频繁崩溃，表单提交了三次都失败
S00007	1	提前预约成功，到了基本不用等
S00008	0	预约平台根本抢不到号，黄牛倒是很多
S00009	1	全程网办一次没跑，进度短信随时可查
S00010	0	办事指南写得像天书，看了半天没看懂
S00011	1	自助机操作简单，我爸妈都学会了
S00012	0	自助机一半是坏的，能用的还要排队
S00013	1	投诉提交当天就有专人回复，处理很到位
S00014	0	投诉一周了没有任何回音，再问就踢皮球
S00015	1	帮办服务很贴心，不懂的地方全程有人带着办
S00016	0	指引牌混乱，在大厅里转了三圈找不到窗口
S00017	1	材料清单写得明明白白，照着准备一次过
S00018	0	要求补的材料事先根本没说明，故意折腾人
S00019	1	服务热线接通很快，解答清楚专业
S00020	0	热线永远占线，回拨也不接
S00021	1	新开的驿站环境好，工作人员还帮忙取号
S00022	0	大厅里异味很重，座椅又脏又少
S00023	1	证件寄递到家，一步都没多跑
S00024	0	说好五个工作日，等了半个月还没消息
S00025	1	手机端刷脸认证一次成功，很方便
S00026	0	刷脸认证十次失败八次，急死人
S00027	1	政务网上办事真正做到了少跑腿
S00028	0	为了盖一个章，前后跑了四趟
S00029	1	窗口合并后效率高多了，取一次号全办完
S00030	0	叫号系统坏了也不修，全场乱成一团
S00031	1	评价器就摆在台面上，服务确实比以前好
S00032	0	催缴短信一天发五条，正常通知反而收不到
S00033	1	不动产登记联办窗口省心省力，值得点赞
S00034	0	证明我妈是我妈这种要求真是离谱
S00035	1	税务申报界面清爽，新手跟着引导就能完成
S00036	0	缴费页面卡在最后一步，钱扣了单没出
S00037	1	社区网格员主动上门，把政策讲得清清楚楚
S00038	0	政策文件藏着掖着，问谁都说不知道
S00039	1	夜间延时服务太人性化了，下班后也能办事
S00040	0	明明写着延时服务，到点照样赶人
S00041	1	这家店物流很快，隔天就到了
S00042	0	下单十天还没发货，客服只会拖
S00043	1	商品包装严实，和描述完全一致
S00044	0	收到货有色差，质感比图片差远了
S00045	1	客服响应快，退换货一次搞定
S00046	0	申请售后半个月，一直在审核中
S00047	1	价格实惠质量在线，已经是回购第三次
S00048	0	用了一周就开胶，这质量真说不过去
S00049	1	尺码标准，穿着合身舒服
S00050	0	尺码虚标，大两号都穿不进去
S00051	1	赠品和页面写的一样，没玩套路
S00052	0	说好送赠品，收货后发现根本没给
S00053	1	超市拣货仔细，生鲜也很新鲜
S00054	0	送来的水果一半是烂的
S00055	1	会员积分兑换方便，优惠实打实
S00056	0	大数据杀熟，老用户价格反而更贵
S00057	1	评价区真实可信，跟着买没踩过雷
S00058	0	刷单刷评太严重，参考价值为零
S00059	1	发货快包装好，还附了手写卡片
S00060	0	快递在站点放了三天，电话都不打一个
S00061	1	预售规则写得清楚，尾款时间提醒及时
S00062	0	优惠券规则复杂得像考卷，根本用不了
S00063	1	安装师傅专业，走线整齐还主动清理垃圾
S00064	0	安装师傅迟到两小时，装完还留一地灰
S00065	1	同款比别家便宜，质量还不差
S00066	0	价格浮动太随意，昨晚买今天就降价
S00067	1	尺码客服量得仔细，推荐的很合适
S00068	0	客服答非所问，一问三不知
S00069	1	退货上门取件，全程没花一分钱
S00070	0	退货要自己找快递，运费还不给报
S00071	1	老字号品质稳定，家里一直在用
S00072	0	味道和以前不一样了，偷工减料明显
S00073	1	外卖送得快，汤还是热的
S00074	0	等了一个半小时，面都坨成一块了
S00075	1	分量足味道正，回头客没跑了
S00076	0	分量缩水，肉少得可怜
S00077	1	店家备注少辣执行到位，很细心
S00078	0	备注了不要香菜，结果撒了满满一层
S00079	1	餐厅环境干净，餐具都是消毒过的
S00080	0	桌上的油都没擦，看着就没食欲
S00081	1	服务生活泼周到，加水很勤
S00082	0	喊半天没人理，服务员在旁边聊天
S00083	1	招牌菜名不虚传，值得专程来一趟
S00084	0	网红店名不副实，排队两小时吃一口就后悔
S00085	1	套餐搭配合理，人均不高还吃得很好
S00086	0	结账时乱收费，账单里多出没点的菜
S00087	1	上菜速度快，报了赶时间还提前安排
S00088	0	上菜慢得离谱，后厨就俩人忙
S00089	1	米线汤头浓郁，配菜给得大方
S00090	0	汤是冲的，一点锅气都没有
S00091	1	外卖包装分层设计，饮料一点没洒
S00092	0	汤全洒在袋子里，打开一塌糊涂
S00093	1	商家主动打来电话确认忌口，好评
S00094	0	少送了一份米饭，联系商家已读不回
S00095	1	甜品不齁甜，口感层次丰富
S00096	0	奶油有股怪味，吃两口就扔了
S00097	1	早餐店营业准时，豆浆现磨的
S00098	0	中午十二点到就说卖完了，店长态度还差
S00099	1	烧烤火候到位，蘸料是灵魂
S00100	0	烤串外糊里生，吃坏肚子了
S00101	1	高铁准点出发，座位宽敞干净
S00102	0	列车晚点两小时，广播一句道歉都没有
S00103	1	地铁换乘指示清楚，出站很快
S00104	0	早高峰挤到怀疑人生，三班车才挤上去
S00105	1	网约车师傅提前到达，车内没有异味
S00106	0	司机绕路二十分钟，投诉还说我定位不准
S00107	1	公交加开班次，晚上回家方便多了
S00108	0	末班车提前收车，站牌信息也不更新
S00109	1	机场值机顺畅，行李很快就出来了
S00110	0	航班临时取消，改签窗口排成长龙
S00111	1	共享单车停放点多了，用车方便
S00112	0	扫开三辆车都有故障，押金还退得慢
S00113	1	长途大巴座位舒适，司机开得平稳
S00114	0	车厢里烟味呛人，司机也不管
S00115	1	轮渡班次密集，刷码直接上船
S00116	0	码头售票系统瘫痪，人工窗口只开一个
S00117	1	停车场车位充足，缴费秒出抬杆
S00118	0	出场识别错误，被拦着交涉了半小时
S00119	1	高速服务区设施新，加油站排队短
S00120	0	服务区热水没有，泡面都得干嚼
S00121	1	医生问诊仔细，把每个疑问都解释清楚了
S00122	0	三句话就打发人，多问一句就不耐烦
S00123	1	护士穿刺技术好，一次成功基本不疼
S00124	0	扎了三针才找到血管，孩子哭成一团
S00125	1	预约挂号按时叫号，不用干等
S00126	0	预约了上午，拖到中午还没轮到
S00127	1	药房药师提醒用药禁忌，讲得通俗易懂
S00128	0	拿药窗口态度冰冷，问用法就说看说明书
S00129	1	检查报告当天出，手机上就能查
S00130	0	报告拖了一周，还必须再跑一趟去取
S00131	1	医院导诊台耐心指引，少走了很多弯路
S00132	0	电梯全坏，挂着吊瓶爬六楼
S00133	1	术后随访电话很及时，恢复建议专业
S00134	0	出院后想复诊，电话永远打不通
S00135	1	社区体检项目全，流程引导顺畅
S00136	0	体检像流水线，五分钟完事什么都没查清
S00137	1	牙科医生手法轻柔，全程几乎没有不适
S00138	0	补的牙没几天就掉了，还不承认工艺问题
S00139	1	线上复诊开药方便，药品直接送到家
S00140	0	互联网医院显示排队一人，等了两小时
S00141	1	培训老师备课认真，案例都是新的
S00142	0	课程内容和宣传完全对不上，纯念PPT
S00143	1	助教答疑及时，作业批改得很细
S00144	0	交的作业石沉大海，答疑群没人管
S00145	1	网课可以倍速回放，时间安排自由
S00146	0	直播课频繁卡顿，回放还要另收费
S00147	1	教材讲义印制精美，知识点归纳系统
S00148	0	教材错漏百出，勘误表比正文还厚
S00149	1	试听课先体验再报名，不搞强制消费
S00150	0	报名前热情似火，交钱后玩消失
S00151	1	退费流程透明，按约定时间到账
S00152	0	退费拖了三个月，各种理由扣钱
S00153	1	班次人数控制得好，每人都能上手练
S00154	0	一个班塞了六十人，器材全靠抢
S00155	1	老师因材施教，基础弱也跟得上
S00156	0	进度飞快，零基础根本听不懂
S00157	1	考点讲解直击要害，刷题效率高
S00158	0	押题全是幌子，考的都没讲过
S00159	1	家长会沟通渠道畅通，反馈当天有回音
S00160	0	学校通知总是临时发，家长措手不及
S00161	1	小区新装了门禁，安全感提升不少
S00162	0	电梯坏了半个月，物业推给维保单位
S00163	1	物业维修响应快，当天报修当天上门
S00164	0	楼道灯坏了半年，报修像没报一样
S00165	1	垃圾分类点干净规范，督导员很负责
S00166	0	垃圾桶三天没人清，夏天味道冲鼻
S00167	1	快递柜就在楼下，取件方便省事
S00168	0	快递随意堆在门口，丢件找谁都没人认
S00169	1	邻居群里互帮互助，信息很及时
S00170	0	广场舞到半夜，投诉了也没人管
S00171	1	停车坪整修后车位宽松，访客也有地方停
S00172	0	消防通道常年被私家车堵死
S00173	1	绿化修剪及时，春天满园花香
S00174	0	健身器材锈得掉渣，小孩玩了都危险
S00175	1	客服电话一次接通，问题十分钟解决
S00176	0	智能客服绕来绕去，就是不给转人工
S00177	1	人工客服态度好，退款当场就办了
S00178	0	承诺七日无理由，真退货时百般刁难
S00179	1	投诉渠道畅通，处理结果还主动回访
S00180	0	每次投诉都是机器人回复，石沉大海
S00181	1	发票开具快捷，电子票秒到邮箱
S00182	0	发票开错两次，重开又等了一周
S00183	1	会员日折扣真实，客服还提醒我用券
S00184	0	冲了会员到处是广告，画质还降了
S00185	1	保单条款讲得明白，缴费提醒及时
S00186	0	理赔时才发现免责条款藏得极深
S00187	1	银行柜台办理快，大额取现预约顺畅
S00188	0	强制下载APP才能取号，多此一举
S00189	1	手机银行转账秒到，手续费全免
S00190	0	转账卡在风控，客服也说不出原因
S00191	1	装修师傅手艺好，细节处理干净利落
S00192	0	工期拖了一个月，墙面还开裂缝
S00193	1	家电售后上门快，配件明码标价
S00194	0	上门费收得糊涂，修一次要价离谱
S00195	1	搬家师傅专业，家具包得严严实实
S00196	0	搬家弄坏一件家具，赔偿扯皮到现在
S00197	1	保洁阿姨仔细，边角都擦得干干净净
S00198	0	保洁应付了事，桌面灰都没擦
S00199	1	景区购票免排队，刷身份证直接进
S00200	0	景区门票捆绑销售，不买联票不让进
S00201	1	这条政务热线真能解决问题，答复有据可查
S00202	0	转了五个部门，互相推诿没人牵头
S00203	1	便民服务点开进社区，水电费都能交
S00204	0	便民点形同虚设，去了三次都关门
S00205	1	政务公开做得到位，预算明细都查得到
S00206	0	官网信息半年不更新，电话号码都是空的
S00207	1	征信异议申请处理迅速，五个工作日就有了结果
S00208	0	异议材料交上去三个月，状态一直显示处理中
S00209	1	公积金提取全程线上，当天到账
S00210	0	提取审核说资料模糊，明明是高清扫描件
S00211	1	社保转移联办省事，两边都不用跑
S00212	0	社保卡消磁补办，又收工本费又让排队
S00213	1	人才补贴申报指南清晰，清单逐项对应
S00214	0	补贴申报系统提交后直接卡死，没人管
S00215	1	图书馆预约方便，自习室安静舒适
S00216	0	占座没人管，预约系统形同虚设
S00217	1	体育馆免费时段多，场地预订透明
S00218	0	场地被包场常规化，散客根本约不上
S00219	1	就业服务专员主动对接，岗位推荐挺对路
S00220	0	招聘会企业寥寥无几，来的都是培训机构
S00221	1	这批新能源汽车补贴到账快，流程公开
S00222	0	说好的以旧换新补贴，经销商说不清楚规则
S00223	1	政务服务好差评不是摆设，差评后真有整改
S00224	0	差评刚提交就被电话要求删除
S00225	1	社区医院疫苗供应充足，网上预约秒成功
S00226	0	排了三小时队伍，到我这说没苗了
S00227	1	手机营业厅改套餐一句话办结
S00228	0	降套餐要跑营业厅，升套餐一个电话就行
S00229	1	宽带报装三天通，师傅还免费换了新路由
S00230	0	宽带断网一周，报修工单像进了黑洞
S00231	1	电视盒子操作流畅，老人模式字大清楚
S00232	0	开机就是几十秒广告，会员也不能跳过
S00233	1	快递理赔爽快，破损照片一发就赔了
S00234	0	保价物品丢了，只肯赔运费的三倍
S00235	1	回收服务上门估价，当场结算不打折
S00236	0	线上估价两千，上门砍到三百
S00237	1	租车押金秒退，车况和照片一致
S00238	0	退车时挑刺划痕，押金扣了一大半
S00239	1	民宿照片真实，房东攻略用心
S00240	0	民宿隔音差到能听见隔壁打呼
S00241	1	景区厕所干净免费，母婴室配备齐全
S00242	0	缆车排队无序，插队没人维持秩序
S00243	1	博物馆讲解预约便利，志愿者讲得生动
S00244	0	闭馆时间一变再变，白跑两趟
S00245	1	购票小程序界面清爽，选座一目了然
S00246	0	演出票默认捆绑保险，勾选框藏得极小
S00247	1	旅游专列服务周到，餐食出乎意料的好
S00248	0	跟团游实际是购物团，一天进三个店
S00249	1	地铁安检快速有序，高峰期开足通道
S00250	0	安检口只开一个，队伍排到站外
S00251	1	读书角藏书丰富，借阅全程自助
S00252	0	健身房跑路了，年卡才用了两个月
S00253	1	游泳馆水质清澈，更衣室收拾得勤
S00254	0	池水味道刺鼻，游完皮肤发痒
S00255	1	电影院选座方便，音效对得起票价
S00256	0	放映厅空调坏了两小时，投诉没人来
S00257	1	景区直通车班次合理，票价亲民
S00258	0	观光车收费比门票还贵，不买不让进核心区
S00259	1	晨练广场设施齐全，晚上灯光也很足
S00260	0	球场被广场舞占了，篮球没地方打
S00261	1	充电桩布点合理，扫码即插即充
S00262	0	十个充电桩五个坏，剩下的全被油车占着
S00263	1	宠物医院医生负责，费用明细清清楚楚
S00264	0	小病说成大病，检查套餐一套接一套
S00265	1	火车站志愿服务岗好，帮忙提行李还指路
S00266	0	出站黑车拉客缠人，没人维持秩序
S00267	1	办税厅双休日也能办业务，真正便民
S00268	0	承诺全年无休，节假日照常闭门
S00269	1	水电气缴费单合并推送，一目了然
S00270	0	抄表估水费连估三月，多收的钱退款拖沓
S00271	1	燃气公司上门检测及时，安全隐患当天排除
S00272	0	预约的检修爽约两次，电话里还态度蛮横
S00273	1	热力公司供暖达标，家里二十三度很舒适
S00274	0	供暖半月不热，投诉回复说正常范围内
S00275	1	银行适老化改造贴心，有专人引导老人办业务
S00276	0	只认密码不认人，重病老人被抬来现场
S00277	1	政务APP消息推送精准，不错过每个节点
S00278	0	政务APP闪退闪退加闪退，验证码都收不到
S00279	1	ETC办理便捷，通行记录对账清楚
S00280	0	ETC扣费重复扣，申诉两个月才退
S00281	1	无人机航拍服务专业，成片效果超出预期
S00282	0	婚庆拍摄偷工减料，说好的三机位变一台
S00283	1	健身教练计划定制合理，两个月见了效果
S00284	0	私教课疯狂推销，不买课就冷脸相待
S00285	1	共享打印随扫随打，价格透明
S00286	0	打印店乱收加急费，说好一小时等了半天
S00287	1	屋顶防水做完三年，一滴不漏
S00288	0	刚刷的墙味刺鼻，检测超标近三倍
S00289	1	儿童乐园设施定期消毒，工作人员看护尽责
S00290	0	海洋球池里都是碎屑，孩子玩完浑身痒
S00291	1	社区食堂实惠卫生，老人卡还有折扣
S00292	0	助老餐送迟到点还凉，荤素搭配更是笑话
S00293	1	线上问诊回复快，处方开具规范
S00294	0	问诊平台医生敷衍，上来就开一堆检查
S00295	1	体检报告解读耐心，异常项逐条说明
S00296	0	报告全靠机器生成，问诊电话永远忙音
S00297	1	法律援助律师专业，流程免费透明
S00298	0	援助律师接了案子就失联，开庭前才见面
S00299	1	公证处一次告知全部材料，当场受理
S00300	0	公证材料反复要，前两次白准备
S00301	1	电动车上牌点进社区，十分钟搞定
S00302	0	上牌点只开工作日上午，上班族根本办不了
S00303	1	气象预警推送及时，暴雨前两小时就收到
S00304	0	冰雹都下完了，预警短信才到
S00305	1	垃圾分类积分能兑换日用品，大家积极性高
S00306	0	积分系统常出故障，攒了半年清零了
S00307	1	学校课后托管内容丰富，孩子学得开心
S00308	0	托管变成了集体写作业，啥兴趣班都没有
S00309	1	校服质量这次不错，洗了几水没变形
S00310	0	校服一穿就起球，价格还比市面贵
S00311	1	教材循环使用做法好，省钱又环保
S00312	0	强制购买指定教辅，书店还只有一家
S00313	1	运动会组织有序，家长志愿者安排妥当
S00314	0	春联活动广告满天飞，免费名额一个没有
S00315	1	岗位技能培训对接真实岗位，结业就上岗
S00316	0	培训班收完钱换了地址，人去楼空
S00317	1	菜价公示每天更新，秤也准
S00318	0	市场缺斤短两，投诉还被摊主骂
S00319	1	夜市管理规范，油烟和噪音都控制得好
S00320	0	夜市收摊满地油污，第二天没人清
S00321	1	公交电子站牌预报准，等车心里有数
S00322	0	站牌显示还有三站，结果二十分钟没来车
S00323	1	出租车师傅认路又健谈，绕行还提前说原因
S00324	0	出租司机中途甩客，理由是交接班
S00325	1	自行车道连续成网，通勤骑行很安心
S00326	0	非机动车道被违停车辆占满，只能骑上主路
S00327	1	过街天桥装了电梯，老人买菜方便了
S00328	0	盲道被共享单车占用，视障人士寸步难行
S00329	1	路口新增右转警示线，事故明显少了
S00330	0	红绿灯配时混乱，绿灯只有十秒
S00331	1	社区民警走访勤快，反诈宣传到位
S00332	0	报警后两小时才出警，现场早没了
S00333	1	户籍窗口延时服务到晚上八点，上班族点赞
S00334	0	迁户口跑了四趟，每次都多要一份材料
S00335	1	政务大厅母婴室温馨干净，设施齐全
S00336	0	等候区座位不够，老人只能站着排号
S00337	1	线上庭审系统流畅，异地开庭省时省钱
S00338	0	庭审直播卡成幻灯片，关键环节全黑屏
S00339	1	人民调解员耐心专业，三天化解了纠纷
S00340	0	调解偏向熟人，材料交了就没了下文
S00341	1	安置房质量过硬，交付时地墙面干干净净
S00342	0	新房墙面空鼓一片片，开发商拖着不修
S00343	1	保障房配租公开透明，摇号全程录像
S00344	0	房源信息不公开，内部打招呼传闻不断
S00345	1	老旧小区改造后焕然一新，飞线全入地了
S00346	0	改造只刷了外墙，下水道该堵还是堵
S00347	1	惠农补贴直达卡里，一分不少
S00348	0	补贴被层层截留，到手只剩零头
S00349	1	农技员下田指导，病虫害防治很及时
S00350	0	技术培训录像敷衍，放完就散没人答疑
S00351	1	乡村快递进村了，土产寄卖方便多
S00352	0	快递只到乡镇代收点，来回二十里
S00353	1	乡村公路修到家门口，出村再不沾泥
S00354	0	路修完三个月就开裂，没人来验收
S00355	1	医保异地结算顺畅，出院窗口直接报
S00356	0	异地报销来回寄材料，等了四个月没音讯
S00357	1	养老院护理员专业耐心，餐食营养搭配好
S00358	0	护工一人看十个老人，呼叫铃响了没人来
S00359	1	社区养老驿站饭菜合口，还有免费理发
S00360	0	日间照料中心挂牌半年，一次没开门
S00361	1	心理援助热线倾听耐心，预约咨询很顺畅
S00362	0	危机热线拨了半小时，始终是忙音
S00363	1	就业见习补贴按时发放，人社专员还回访
S00364	0	见习工资拖了俩月，单位说补贴没到账
S00365	1	创业担保贷款利率低，材料清单一次告知
S00366	0	担保人要求一拖再拖，贷款遥遥无期
S00367	1	电竞场馆禁烟做得好，空气清新
S00368	0	网吧里乌烟瘴气，未成年人也随意进出
S00369	1	文化馆公益展览常换新，讲解预约免费
S00370	0	展览厅灯光昏暗，展品说明全是错别字
S00371	1	公共自行车站点密，扫码骑行顺畅
S00372	0	办卡押金退了一个月，客服互相推诿
S00373	1	大型场馆无障碍座位视野好，陪同票安排周到
S00374	0	演唱会强实名却不管黄牛，真粉丝抢不到票
S00375	1	小区业委会换届规范，账目公示清楚
S00376	0	物业费涨了三成，服务还不如从前
S00377	1	电梯加装听证充分，低层补偿方案合理
S00378	0	加装电梯没征求低层意见，直接开工
S00379	1	市政热线回访及时，修复后还确认满意度
S00380	0	道路塌坑报修两周，围挡立了没人修
S00381	1	政务新媒体留言当天回，办事入口链接直达
S00382	0	官微只会发鸡汤，留言咨询从不回复
S00383	1	电子社保卡就医全流程通用，扫码即可
S00384	0	医院系统不认电子卡，必须带实体卡
S00385	1	义务教育报名线上填报，房产信息自动核验
S00386	0	入学材料要跑四个部门盖章，互相要原件
S00387	1	校车路线规划合理，司机资质公示齐全
S00388	0	校车超员还超速，家长提心吊胆
S00389	1	校园食堂明厨亮灶，家长委员会随时查
S00390	0	食堂饭菜里有虫子，学校说是个例
S00391	1	高校奖助学金评审公开，名单公示到宿舍楼
S00392	0	助学金评定暗箱操作，轮流坐庄
S00393	1	职业技能证书考务规范，成绩查询快捷
S00394	0	证书查询系统瘫痪，招聘单位都不认
S00395	1	创业孵化基地免租两年，导师辅导靠谱
S00396	0	孵化基地只会收物业费，服务全靠自己
S00397	1	社区消防演练定期搞，居民逃生技能扎实
S00398	0	消防通道堆满杂物，检查前突击清理
S00399	1	食品安全快检室免费开放，买前能检测
S00400	0	批发市场注水肉没人管，快检形同虚设
